train_accuracy,test_accuracy
0.9879576107899807,0.9616279069767442
