reg. value,validation accuracy,test accuracy
0.0003200000000000001,89.25818882466281,89.53488372093024
