train_accuracy,test_accuracy
91.1271676300578,89.92248062015504
