reg. params,val. score
5.120000000000002e-07,89.16184971098265
2.5600000000000013e-06,89.11368015414259
1.2800000000000005e-05,88.6319845857418
6.400000000000002e-05,87.52408477842005
0.0003200000000000001,89.25818882466281
0.0016000000000000003,89.16184971098265
0.008000000000000002,88.92100192678227
0.04000000000000001,88.77649325626204
0.2,88.29479768786128
1.0,88.34296724470136
