train_accuracy,test_accuracy
91.59922928709055,89.10852713178295
