reg. value,validation accuracy,test accuracy
1.2800000000000005e-05,90.3179190751445,90.3875968992248
