reg. params,val. score
5.120000000000002e-07,89.64354527938343
2.5600000000000013e-06,88.29479768786128
1.2800000000000005e-05,90.3179190751445
6.400000000000002e-05,89.9325626204239
0.0003200000000000001,89.59537572254335
0.0016000000000000003,89.35452793834297
0.008000000000000002,87.33140655105973
0.04000000000000001,87.90944123314065
0.2,90.3179190751445
1.0,89.83622350674374
